paper_id,source_title,source_file,original_title,crossref_title,authors,journal,year,volume,issue,pages,publisher,doi,url,type,score
ref1,csv_title,titles_matched.csv,"Cold Start Latency in Serverless Computing: A Systematic Review, Taxonomy, and Future Directions","Cold Start Latency in Serverless Computing: A Systematic Review, Taxonomy, and Future Directions",Muhammed Golec; Guneet Kaur Walia; Mohit Kumar; Felix Cuadrado; Sukhpal Singh Gill; Steve Uhlig,ACM Computing Surveys,2025,57,3,1-36,Association for Computing Machinery (ACM),10.1145/3700875,https://doi.org/10.1145/3700875,journal-article,68.28762
ref2,csv_title,titles_matched.csv,The Night Shift: Understanding Performance Variability of Cloud Serverless Platforms,The Night Shift: Understanding Performance Variability of Cloud Serverless Platforms,Trever Schirmer; Nils Japke; Sofia Greten; Tobias Pfandzelter; David Bermbach,"Proceedings of the 1st Workshop on SErverless Systems, Applications and MEthodologies",2023,,,27-33,ACM,10.1145/3592533.3592808,https://doi.org/10.1145/3592533.3592808,proceedings-article,61.36368
ref4,csv_title,titles_matched.csv,"Benchmarking, Analysis, and Optimization of Serverless Function Snapshots","Benchmarking, analysis, and optimization of serverless function snapshots",Dmitrii Ustiugov; Plamen Petrov; Marios Kogias; Edouard Bugnion; Boris Grot,Proceedings of the 26th ACM International Conference on Architectural Support for Programming Languages and Operating Systems,2021,,,559-572,ACM,10.1145/3445814.3446714,https://doi.org/10.1145/3445814.3446714,proceedings-article,50.999706
ref11,bibtex_title,titles_matched.csv,SCOOP: A Scalable Object-Oriented Serverless Platform,SCOOP: A Scalable Object-Oriented Serverless Platform,Narges Shahidi; Jashwant Raj Gunasekaran; Mahmut Taylan Kandemir; Bhuvan Urgaonkar,2023 IEEE 16th International Conference on Cloud Computing (CLOUD),2023,,,1-3,IEEE,10.1109/cloud60044.2023.00069,https://doi.org/10.1109/cloud60044.2023.00069,proceedings-article,61.65824
ref14,csv_title,titles_matched.csv,TinyFaaS: A Lightweight FaaS Platform for Edge Environments,tinyFaaS: A Lightweight FaaS Platform for Edge Environments,Tobias Pfandzelter; David Bermbach,2020 IEEE International Conference on Fog Computing (ICFC),2020,,,17-24,IEEE,10.1109/icfc49376.2020.00011,https://doi.org/10.1109/icfc49376.2020.00011,proceedings-article,61.428684
ref15,bibtex_title,titles_matched.csv,MASTER: Machine Learning-Based Cold Start Latency Prediction Framework in Serverless Edge Computing Environments for Industry 4.0,MASTER: Machine Learning-Based Cold Start Latency Prediction Framework in Serverless Edge Computing Environments for Industry 4.0,Muhammed Golec; Sukhpal Singh Gill; Huaming Wu; Talat Cemre Can; Mustafa Golec; Oktay Cetinkaya; Felix Cuadrado; Ajith Kumar Parlikad; Steve Uhlig,IEEE Journal of Selected Areas in Sensors,2024,1,,36-48,Institute of Electrical and Electronics Engineers (IEEE),10.1109/jsas.2024.3396440,https://doi.org/10.1109/jsas.2024.3396440,journal-article,78.235466
ref18,bibtex_title,titles_matched.csv,Stateful functions as a service in action,Stateful functions as a service in action,Adil Akhter; Marios Fragkoulis; Asterios Katsifodimos,Proceedings of the VLDB Endowment,2019,12,12,1890-1893,Association for Computing Machinery (ACM),10.14778/3352063.3352092,https://doi.org/10.14778/3352063.3352092,journal-article,35.85705
ref19,csv_title,titles_matched.csv,A Fault-Tolerance Shim for Serverless Computing,A fault-tolerance shim for serverless computing,Vikram Sreekanti; Chenggang Wu; Saurav Chhatrapati; Joseph E. Gonzalez; Joseph M. Hellerstein; Jose M. Faleiro,Proceedings of the Fifteenth European Conference on Computer Systems,2020,,,1-15,ACM,10.1145/3342195.3387535,https://doi.org/10.1145/3342195.3387535,proceedings-article,52.189816
ref21,csv_title,titles_matched.csv,Valve: Securing Function Workflows on Serverless Computing Platforms,Valve: Securing Function Workflows on Serverless Computing Platforms,Pubali Datta; Prabuddha Kumar; Tristan Morris; Michael Grace; Amir Rahmati; Adam Bates,Proceedings of The Web Conference 2020,2020,,,939-950,ACM,10.1145/3366423.3380173,https://doi.org/10.1145/3366423.3380173,proceedings-article,65.13917
ref23,csv_title,titles_matched.csv,Se-Lambda: Securing Privacy-Sensitive Serverless Applications Using SGX Enclave,Se-Lambda: Securing Privacy-Sensitive Serverless Applications Using SGX Enclave,Weizhong Qiang; Zezhao Dong; Hai Jin,"Lecture Notes of the Institute for Computer Sciences, Social Informatics and Telecommunications Engineering",2018,,,451-470,Springer International Publishing,10.1007/978-3-030-01701-9_25,https://doi.org/10.1007/978-3-030-01701-9_25,book-chapter,88.781944
ref25,csv_title,titles_matched.csv,WLEC: A Not So Cold Architecture to Mitigate Cold Start Problem in Serverless Computing,WLEC: A Not So Cold Architecture to Mitigate Cold Start Problem in Serverless Computing,Khondokar Solaiman; Muhammad Abdullah Adnan,2020 IEEE International Conference on Cloud Engineering (IC2E),2020,,,,IEEE,10.1109/ic2e48712.2020.00022,https://doi.org/10.1109/ic2e48712.2020.00022,proceedings-article,81.14653
ref26,csv_title,titles_matched.csv,Secure Serverless Computing Using Dynamic Information Flow Control,Secure serverless computing using dynamic information flow control,Kalev Alpernas; Cormac Flanagan; Sadjad Fouladi; Leonid Ryzhyk; Mooly Sagiv; Thomas Schmitz; Keith Winstein,Proceedings of the ACM on Programming Languages,2018,2,OOPSLA,1-26,Association for Computing Machinery (ACM),10.1145/3276488,https://doi.org/10.1145/3276488,journal-article,55.876335
ref27,csv_title,titles_matched.csv,Workflow Integration Alleviates Identity and Access Management in Serverless Computing,Workflow Integration Alleviates Identity and Access Management in Serverless Computing,Arnav Sankaran; Pubali Datta; Adam Bates,Annual Computer Security Applications Conference,2020,,,496-509,ACM,10.1145/3427228.3427665,https://doi.org/10.1145/3427228.3427665,proceedings-article,61.550495
ref29,csv_title,titles_matched.csv,QoS Aware FaaS Platform,QoS aware FaaS platform,Sheshadri K R; J Lakshmi,"2021 IEEE/ACM 21st International Symposium on Cluster, Cloud and Internet Computing (CCGrid)",2021,,,812-819,IEEE,10.1109/ccgrid51090.2021.00099,https://doi.org/10.1109/ccgrid51090.2021.00099,proceedings-article,47.687614
ref30,csv_title,titles_matched.csv,Cocoa: Cold Start Aware Capacity Planning for Function-as-a-Service Platforms,COCOA: Cold Start Aware Capacity Planning for Function-as-a-Service Platforms,Alim Ul Gias; Giuliano Casale,"2020 28th International Symposium on Modeling, Analysis, and Simulation of Computer and Telecommunication Systems (MASCOTS)",2020,,,1-8,IEEE,10.1109/mascots50786.2020.9285966,https://doi.org/10.1109/mascots50786.2020.9285966,proceedings-article,61.756775
ref31,csv_title,titles_matched.csv,Adaptive Function Launching Acceleration in Serverless Computing Platforms,Adaptive Function Launching Acceleration in Serverless Computing Platforms,Zhengjun Xu; Haitao Zhang; Xin Geng; Qiong Wu; Huadong Ma,2019 IEEE 25th International Conference on Parallel and Distributed Systems (ICPADS),2019,,,9-16,IEEE,10.1109/icpads47876.2019.00011,https://doi.org/10.1109/icpads47876.2019.00011,proceedings-article,62.77105
ref33,bibtex_title,titles_matched.csv,ACPM: adaptive container provisioning model to mitigate serverless cold-start,ACPM: adaptive container provisioning model to mitigate serverless cold-start,Anisha Kumari; Bibhudatta Sahoo,Cluster Computing,2024,27,2,1333-1360,Springer Science and Business Media LLC,10.1007/s10586-023-04016-8,https://doi.org/10.1007/s10586-023-04016-8,journal-article,81.0579
ref34,bibtex_title,titles_matched.csv,Spock: Exploiting Serverless Functions for SLO and Cost Aware Resource Procurement in Public Cloud,Spock: Exploiting Serverless Functions for SLO and Cost Aware Resource Procurement in Public Cloud,Jashwant Raj Gunasekaran; Prashanth Thinakaran; Mahmut Taylan Kandemir; Bhuvan Urgaonkar; George Kesidis; Chita Das,2019 IEEE 12th International Conference on Cloud Computing (CLOUD),2019,,,199-208,IEEE,10.1109/cloud.2019.00043,https://doi.org/10.1109/cloud.2019.00043,proceedings-article,84.68214
ref35,csv_title,titles_matched.csv,Defuse: A Dependency-Guided Function Scheduler to Mitigate Cold Starts on FaaS Platforms,Defuse: A Dependency-Guided Function Scheduler to Mitigate Cold Starts on FaaS Platforms,Jiacheng Shen; Tianyi Yang; Yuxin Su; Yangfan Zhou; Michael R. Lyu,2021 IEEE 41st International Conference on Distributed Computing Systems (ICDCS),2021,,,194-204,IEEE,10.1109/icdcs51616.2021.00027,https://doi.org/10.1109/icdcs51616.2021.00027,proceedings-article,85.45535
ref36,csv_title,titles_matched.csv,Modeling and Optimization of Performance and Cost of Serverless Applications,Modeling and Optimization of Performance and Cost of Serverless Applications,Changyuan Lin; Hamzeh Khazaei,IEEE Transactions on Parallel and Distributed Systems,2021,32,3,615-632,Institute of Electrical and Electronics Engineers (IEEE),10.1109/tpds.2020.3028841,https://doi.org/10.1109/tpds.2020.3028841,journal-article,39.23896
ref37,csv_title,titles_matched.csv,Costless: Optimizing Cost of Serverless Computing through Function Fusion and Placement,Costless: Optimizing Cost of Serverless Computing through Function Fusion and Placement,Tarek Elgamal; Atul Sandur; Klara Nahrstedt; Gul Agha,2018 IEEE/ACM Symposium on Edge Computing (SEC),2018,,,300-312,IEEE,10.1109/sec.2018.00029,https://doi.org/10.1109/sec.2018.00029,proceedings-article,69.48111
ref38,csv_title,titles_matched.csv,"Be Wary of the Economics of ""Serverless"" Cloud Computing","Be Wary of the Economics of ""Serverless"" Cloud Computing",Adam Eivy; Joe Weinman,IEEE Cloud Computing,2017,4,2,6-12,Institute of Electrical and Electronics Engineers (IEEE),10.1109/mcc.2017.32,https://doi.org/10.1109/mcc.2017.32,journal-article,49.573605
ref39,csv_title,titles_matched.csv,Optimal Pricing for Serverless Computing,Optimal Pricing for Serverless Computing,Kunal Mahajan; Daniel Figueiredo; Vishal Misra; Dan Rubenstein,2019 IEEE Global Communications Conference (GLOBECOM),2019,,,1-6,IEEE,10.1109/globecom38437.2019.9013156,https://doi.org/10.1109/globecom38437.2019.9013156,proceedings-article,41.01846
ref41,bibtex_title,titles_matched.csv,Predicting Performance and Cost of Serverless Computing Functions with SAAF,Predicting Performance and Cost of Serverless Computing Functions with SAAF,Robert Cordingly; Wen Shu; Wes J. Lloyd,"2020 IEEE Intl Conf on Dependable, Autonomic and Secure Computing, Intl Conf on Pervasive Intelligence and Computing, Intl Conf on Cloud and Big Data Computing, Intl Conf on Cyber Science and Technology Congress (DASC/PiCom/CBDCom/CyberSciTech)",2020,,,640-649,IEEE,10.1109/dasc-picom-cbdcom-cyberscitech49142.2020.00111,https://doi.org/10.1109/dasc-picom-cbdcom-cyberscitech49142.2020.00111,proceedings-article,57.5059
ref44,csv_title,titles_matched.csv,Reducing Environmental Impact with Sustainable Serverless Computing,Reducing Environmental Impact with Sustainable Serverless Computing,Mohammed Akour; Mamdouh Alenezi,Sustainability,2025,17,7,2999,MDPI AG,10.3390/su17072999,https://doi.org/10.3390/su17072999,journal-article,48.60591
ref45,csv_title,titles_matched.csv,On the Power Consumption of Serverless Functions: An Evaluation of OpenFaaS,On the Power Consumption of Serverless Functions: An Evaluation of OpenFaaS,Abdulaziz Alhindi; Karim Djemame; Fatemeh Banaie Heravan,2022 IEEE/ACM 15th International Conference on Utility and Cloud Computing (UCC),2022,,,,IEEE,10.1109/ucc56403.2022.00064,https://doi.org/10.1109/ucc56403.2022.00064,proceedings-article,48.607906
ref46,csv_title,titles_matched.csv,RAEF: Energy-efficient Resource Allocation through Energy Fungibility in Serverless,RAEF: Energy-efficient Resource Allocation through Energy Fungibility in Serverless,Xuechao Jia; Laiping Zhao,2021 IEEE 27th International Conference on Parallel and Distributed Systems (ICPADS),2021,,,434-441,IEEE,10.1109/icpads53394.2021.00060,https://doi.org/10.1109/icpads53394.2021.00060,proceedings-article,79.498695
ref47,csv_title,titles_matched.csv,Integrating Energy Consumption in the Development of Serverless Applications,Integrating energy consumption in the development of serverless applications,Pablo Serrano-Gutierrez; Inmaculada Ayala; Lidia Fuentes,Information and Software Technology,2025,186,,107819,Elsevier BV,10.1016/j.infsof.2025.107819,https://doi.org/10.1016/j.infsof.2025.107819,journal-article,42.46542
ref49,csv_title,titles_matched.csv,A Holistic View on Resource Management in Serverless Computing Environments: Taxonomy and Future Directions,A Holistic View on Resource Management in Serverless Computing Environments: Taxonomy and Future Directions,Anupama Mampage; Shanika Karunasekera; Rajkumar Buyya,ACM Computing Surveys,2022,54,11s,1-36,Association for Computing Machinery (ACM),10.1145/3510412,https://doi.org/10.1145/3510412,journal-article,66.23634
ref50,csv_title,titles_matched.csv,"Serverless Computing: State-of-the-Art, Challenges and Opportunities","Serverless Computing: State-of-the-Art, Challenges and Opportunities",Yongkang Li; Yanying Lin; Yang Wang; Kejiang Ye; Chengzhong Xu,IEEE Transactions on Services Computing,2023,16,2,1522-1539,Institute of Electrical and Electronics Engineers (IEEE),10.1109/tsc.2022.3166553,https://doi.org/10.1109/tsc.2022.3166553,journal-article,45.790775
ref51,csv_title,titles_matched.csv,Scheduling Methods to Reduce Response Latency of Function as a Service,Scheduling Methods to Reduce Response Latency of Function as a Service,Pawel Zuk; Krzysztof Rzadca,2020 IEEE 32nd International Symposium on Computer Architecture and High Performance Computing (SBAC-PAD),2020,,,132-140,IEEE,10.1109/sbac-pad49847.2020.00028,https://doi.org/10.1109/sbac-pad49847.2020.00028,proceedings-article,44.550667
ref52,csv_title,titles_matched.csv,DistributedFaaS: Execution of Containerized Serverless Applications in Multi-Cloud Infrastructures,DistributedFaaS: Execution of Containerized Serverless Applications in Multi-Cloud Infrastructures,Adbys Vasconcelos; Lucas Vieira; Ítalo Batista; Rodolfo Silva; Francisco Brasileiro,Proceedings of the 9th International Conference on Cloud Computing and Services Science,2019,,,595-600,SCITEPRESS - Science and Technology Publications,10.5220/0007877005950600,https://doi.org/10.5220/0007877005950600,proceedings-article,76.8873
ref54,csv_title,titles_matched.csv,FunctionBench: A Suite of Workloads for Serverless Cloud Function Service,FunctionBench: A Suite of Workloads for Serverless Cloud Function Service,Jeongchul Kim; Kyungyong Lee,2019 IEEE 12th International Conference on Cloud Computing (CLOUD),2019,,,,IEEE,10.1109/cloud.2019.00091,https://doi.org/10.1109/cloud.2019.00091,proceedings-article,66.19522
ref56,csv_title,titles_matched.csv,"Resource Management for Cloud Functions with Memory Tracing, Profiling and Autotuning","Resource Management for Cloud Functions with Memory Tracing, Profiling and Autotuning",Josef Spillner,Proceedings of the 2020 Sixth International Workshop on Serverless Computing,2020,,,13-18,ACM,10.1145/3429880.3430094,https://doi.org/10.1145/3429880.3430094,proceedings-article,58.34214
ref57,csv_title,titles_matched.csv,EMARS: Efficient Management and Allocation of Resources in Serverless,EMARS: Efficient Management and Allocation of Resources in Serverless,Aakanksha Saha; Sonika Jindal,2018 IEEE 11th International Conference on Cloud Computing (CLOUD),2018,,,,IEEE,10.1109/cloud.2018.00113,https://doi.org/10.1109/cloud.2018.00113,proceedings-article,54.385677
ref58,bibtex_title,titles_matched.csv,Skedulix: Hybrid Cloud Scheduling for Cost-Efficient Execution of Serverless Applications,Skedulix: Hybrid Cloud Scheduling for Cost-Efficient Execution of Serverless Applications,Anirban Das; Andrew Leaf; Carlos A. Varela; Stacy Patterson,2020 IEEE 13th International Conference on Cloud Computing (CLOUD),2020,,,609-618,IEEE,10.1109/cloud49709.2020.00090,https://doi.org/10.1109/cloud49709.2020.00090,proceedings-article,71.3314
ref60,bibtex_title,titles_matched.csv,AuctionWhisk: Using an auction‐inspired approach for function placement in serverless fog platforms,AuctionWhisk: Using an auction‐inspired approach for function placement in serverless fog platforms,David Bermbach; Jonathan Bader; Jonathan Hasenburg; Tobias Pfandzelter; Lauritz Thamsen,Software: Practice and Experience,2022,52,5,1143-1169,Wiley,10.1002/spe.3058,https://doi.org/10.1002/spe.3058,journal-article,77.34711
ref61,csv_title,titles_matched.csv,Comparison of FaaS Platform Performance in Private Clouds,Comparison of FaaS Platform Performance in Private Clouds,Marcelo Motta; Leonardo Reboucas De Carvalho; Michel Rosa; Aleteia Favacho De Araujo,Proceedings of the 12th International Conference on Cloud Computing and Services Science,2022,,,109-120,SCITEPRESS - Science and Technology Publications,10.5220/0011116700003200,https://doi.org/10.5220/0011116700003200,proceedings-article,49.57235
ref62,csv_title,titles_matched.csv,ElastiBench: Scalable Continuous Benchmarking on Cloud FaaS Platforms,ElastiBench: Scalable Continuous Benchmarking on Cloud FaaS Platforms,Trever Schirmer; Tobias Pfandzelter; David Bermbach,2024 IEEE International Conference on Cloud Engineering (IC2E),2024,,,83-92,IEEE,10.1109/ic2e61754.2024.00016,https://doi.org/10.1109/ic2e61754.2024.00016,proceedings-article,73.310905
ref64,csv_title,titles_matched.csv,RL-Based Approach to Enhance Reliability and Efficiency in Autoscaling for Heterogeneous Edge Serverless Computing Environments,RL-Based Approach to Enhance Reliability and Efficiency in Autoscaling for Heterogeneous Edge Serverless Computing Environments,Ilyas Hadjou; Young-Woo Kwon,2024 IEEE 29th Pacific Rim International Symposium on Dependable Computing (PRDC),2024,,,163-172,IEEE,10.1109/prdc63035.2024.00046,https://doi.org/10.1109/prdc63035.2024.00046,proceedings-article,76.83865
ref65,csv_title,titles_matched.csv,Optimizing Cold Start Performance in Serverless Computing Environments,Optimizing Cold Start Performance in Serverless Computing Environments,Daniel-George Malancioiu; Harold-Nimrod Foldvari; Florin Craciun,2024 26th International Symposium on Symbolic and Numeric Algorithms for Scientific Computing (SYNASC),2024,,,140-148,IEEE,10.1109/synasc65383.2024.00035,https://doi.org/10.1109/synasc65383.2024.00035,proceedings-article,58.010044
ref66,csv_title,titles_matched.csv,A Low-Latency Edge-Cloud Serverless Computing Framework with a Multi-Armed Bandit Scheduler,A Low-Latency Edge-Cloud Serverless Computing Framework with a Multi-Armed Bandit Scheduler,Justin Chigu; Ahmed El-Mahdy; Bassem Mokhtar; Maha Elsabrouty,2024 International Wireless Communications and Mobile Computing (IWCMC),2024,,,1655-1660,IEEE,10.1109/iwcmc61514.2024.10592558,https://doi.org/10.1109/iwcmc61514.2024.10592558,proceedings-article,79.33093
ref67,csv_title,titles_matched.csv,FUYAO: DPU-enabled Direct Data Transfer for Serverless Computing,FUYAO: DPU-enabled Direct Data Transfer for Serverless Computing,Guowei Liu; Laiping Zhao; Yiming Li; Zhaolin Duan; Sheng Chen; Yitao Hu; Zhiyuan Su; Wenyu Qu,"Proceedings of the 29th ACM International Conference on Architectural Support for Programming Languages and Operating Systems, Volume 3",2024,,,431-447,ACM,10.1145/3620666.3651327,https://doi.org/10.1145/3620666.3651327,proceedings-article,76.58834
ref68,csv_title,titles_matched.csv,Tackling Cold Start in Serverless Computing with Multi-Level Container Reuse,Tackling Cold Start in Serverless Computing with Multi-Level Container Reuse,Amelie Chi Zhou; Rongzheng Huang; Zhoubin Ke; Yusen Li; Yi Wang; Rui Mao,2024 IEEE International Parallel and Distributed Processing Symposium (IPDPS),2024,,,,IEEE,10.1109/ipdps57955.2024.00017,https://doi.org/10.1109/ipdps57955.2024.00017,proceedings-article,70.99352
ref69,csv_title,titles_matched.csv,FIAless: Asynchronous Programming for Large-Scale Burst Requests in Serverless Computing,FIAless: Asynchronous Programming for Large-Scale Burst Requests in Serverless Computing,Chenyang Guan; Junjie Yin; Xiaofeng Wang,2024 IEEE International Conference on High Performance Computing and Communications (HPCC),2024,,,442-449,IEEE,10.1109/hpcc64274.2024.00066,https://doi.org/10.1109/hpcc64274.2024.00066,proceedings-article,78.95053
ref70,csv_title,titles_matched.csv,KneeScale: Efficient Resource Scaling for Serverless Computing at the Edge,KneeScale: Efficient Resource Scaling for Serverless Computing at the Edge,Xue Li; Peng Kang; Jordan Molone; Wei Wang; Palden Lama,"2022 22nd IEEE International Symposium on Cluster, Cloud and Internet Computing (CCGrid)",2022,,,180-189,IEEE,10.1109/ccgrid54584.2022.00027,https://doi.org/10.1109/ccgrid54584.2022.00027,proceedings-article,61.791996
ref71,csv_title,titles_matched.csv,Towards Quality of Experience Fairness for Serverless Functions,Towards Quality of Experience Fairness for Serverless Functions,Xue Li; Palden Lama; Tania Lorido-Botran; Wei Wang,2024 IEEE Cloud Summit,2024,,,61-66,IEEE,10.1109/cloud-summit61220.2024.00017,https://doi.org/10.1109/cloud-summit61220.2024.00017,proceedings-article,48.536804
ref72,csv_title,titles_matched.csv,Enabling HPC Scientific Workflows for Serverless,Enabling HPC Scientific Workflows for Serverless,Anderson Andrei Da Silva; Rolando Pablo Hong Enriquez; Gourav Rattihalli; Vijay Thurimella; Rafael Ferreira Da Silva; Dejan Milojicic,"SC24-W: Workshops of the International Conference for High Performance Computing, Networking, Storage and Analysis",2024,,,110-125,IEEE,10.1109/scw63240.2024.00022,https://doi.org/10.1109/scw63240.2024.00022,proceedings-article,56.962547
ref73,csv_title,titles_matched.csv,Optimizing Resource Management in Serverless Computing: A Dynamic Adaptive Scaling Approach,Optimizing Resource Management in Serverless Computing: A Dynamic Adaptive Scaling Approach,Tanaya Biswas; Prashant Kumar,2024 15th International Conference on Computing Communication and Networking Technologies (ICCCNT),2024,,,1-7,IEEE,10.1109/icccnt61001.2024.10724128,https://doi.org/10.1109/icccnt61001.2024.10724128,proceedings-article,60.373314
ref74,csv_title,titles_matched.csv,ATOM: AI-Powered Sustainable Resource Management for Serverless Edge Computing Environments,ATOM: AI-Powered Sustainable Resource Management for Serverless Edge Computing Environments,Muhammed Golec; Sukhpal Singh Gill; Felix Cuadrado; Ajith Kumar Parlikad; Minxian Xu; Huaming Wu; Steve Uhlig,IEEE Transactions on Sustainable Computing,2024,9,6,817-829,Institute of Electrical and Electronics Engineers (IEEE),10.1109/tsusc.2023.3348157,https://doi.org/10.1109/tsusc.2023.3348157,journal-article,71.44648
ref75,csv_title,titles_matched.csv,"Resource Management in Serverless Computing - Review, Research Challenges, and Prospects","Resource Management in Serverless Computing - Review, Research Challenges, and Prospects",Kannan Govindarajan; Andrè De Tienne,2023 12th International Conference on Advanced Computing (ICoAC),2023,,,1-5,IEEE,10.1109/icoac59537.2023.10249574,https://doi.org/10.1109/icoac59537.2023.10249574,proceedings-article,52.89731
ref76,csv_title,titles_matched.csv,Joint Resource Management and Pricing for Task Offloading in Serverless Edge Computing,Joint Resource Management and Pricing for Task Offloading in Serverless Edge Computing,Feridun Tütüncüoğlu; György Dán,IEEE Transactions on Mobile Computing,2024,23,6,7438-7452,Institute of Electrical and Electronics Engineers (IEEE),10.1109/tmc.2023.3334914,https://doi.org/10.1109/tmc.2023.3334914,journal-article,64.419586
ref77,csv_title,titles_matched.csv,Serverless Edge Computing Framework for Efficient Offloading Method with Time Frame Based Priority Resource Management,Serverless Edge Computing Framework for Efficient Offloading Method with Time Frame Based Priority Resource Management,Srinithya Kandukuri; Dedeepya Gayam; Sai Divya Bommisetty; Revathi Bobba; Bala Annapurna,2024 2nd International Conference on Sustainable Computing and Smart Systems (ICSCSS),2024,,,703-710,IEEE,10.1109/icscss60660.2024.10625440,https://doi.org/10.1109/icscss60660.2024.10625440,proceedings-article,75.23571
ref78,csv_title,titles_matched.csv,Toward security quantification of serverless computing,Toward security quantification of serverless computing,Kan Ni; Subrota Kumar Mondal; H M Dipu Kabir; Tian Tan; Hong-Ning Dai,Journal of Cloud Computing,2024,13,1,,Springer Science and Business Media LLC,10.1186/s13677-024-00703-y,https://doi.org/10.1186/s13677-024-00703-y,journal-article,45.99678
ref79,csv_title,titles_matched.csv,On the Power Consumption of Serverless Functions: An Evaluation of OpenFaaS,On the Power Consumption of Serverless Functions: An Evaluation of OpenFaaS,Abdulaziz Alhindi; Karim Djemame; Fatemeh Banaie Heravan,2022 IEEE/ACM 15th International Conference on Utility and Cloud Computing (UCC),2022,,,,IEEE,10.1109/ucc56403.2022.00064,https://doi.org/10.1109/ucc56403.2022.00064,proceedings-article,48.607906
ref80,bibtex_title,titles_matched.csv,TriggerBench: A Performance Benchmark for Serverless Function Triggers,TriggerBench: A Performance Benchmark for Serverless Function Triggers,Joel Scheuner; Marcus Bertilsson; Oskar Gronqvist; Henrik Tao; Henrik Lagergren; Jan-Philipp Steghofer; Philipp Leitner,2022 IEEE International Conference on Cloud Engineering (IC2E),2022,,,96-103,IEEE,10.1109/ic2e55432.2022.00018,https://doi.org/10.1109/ic2e55432.2022.00018,proceedings-article,60.25139
ref83,csv_title,titles_matched.csv,Practical Cloud Workloads for Serverless FaaS,Practical Cloud Workloads for Serverless FaaS,Jeongchul Kim; Kyungyong Lee,Proceedings of the ACM Symposium on Cloud Computing,2019,,,477-477,ACM,10.1145/3357223.3365439,https://doi.org/10.1145/3357223.3365439,proceedings-article,58.909294
ref84,csv_title,titles_matched.csv,FunctionBench: A Suite of Workloads for Serverless Cloud Function Service,FunctionBench: A Suite of Workloads for Serverless Cloud Function Service,Jeongchul Kim; Kyungyong Lee,2019 IEEE 12th International Conference on Cloud Computing (CLOUD),2019,,,,IEEE,10.1109/cloud.2019.00091,https://doi.org/10.1109/cloud.2019.00091,proceedings-article,66.29655
ref85,csv_title,titles_matched.csv,Analyzing Tail Latency in Serverless Clouds with STeLLAR,Analyzing Tail Latency in Serverless Clouds with STeLLAR,Dmitrii Ustiugov; Theodor Amariucai; Boris Grot,2021 IEEE International Symposium on Workload Characterization (IISWC),2021,,,51-62,IEEE,10.1109/iiswc53511.2021.00016,https://doi.org/10.1109/iiswc53511.2021.00016,proceedings-article,59.85544
ref86,csv_title,titles_matched.csv,Benchmarking Serverless Computing Platforms,Benchmarking Serverless Computing Platforms,Horácio Martins; Filipe Araujo; Paulo Rupino da Cunha,Journal of Grid Computing,2020,18,4,691-709,Springer Science and Business Media LLC,10.1007/s10723-020-09523-1,https://doi.org/10.1007/s10723-020-09523-1,journal-article,47.069668
ref87,csv_title,titles_matched.csv,Comparison of FaaS Platform Performance in Private Clouds,Comparison of FaaS Platform Performance in Private Clouds,Marcelo Motta; Leonardo Reboucas De Carvalho; Michel Rosa; Aleteia Favacho De Araujo,Proceedings of the 12th International Conference on Cloud Computing and Services Science,2022,,,109-120,SCITEPRESS - Science and Technology Publications,10.5220/0011116700003200,https://doi.org/10.5220/0011116700003200,proceedings-article,49.557964
ref90,csv_title,titles_matched.csv,Evaluating Serverless Function Deployment Models on AWS Lambda,Evaluating Serverless Function Deployment Models on AWS Lambda,Gabriel Duessmann; Adriano Fiorese,Proceedings of the 27th International Conference on Enterprise Information Systems,2025,,,740-747,SCITEPRESS - Science and Technology Publications,10.5220/0013279500003929,https://doi.org/10.5220/0013279500003929,proceedings-article,64.75416
ref91,csv_title,titles_matched.csv,Function-as-a-Service Benchmarking Framework,Function-as-a-Service Benchmarking Framework,Roland Pellegrini; Igor Ivkic; Markus Tauber,Proceedings of the 9th International Conference on Cloud Computing and Services Science,2019,,,479-487,SCITEPRESS - Science and Technology Publications,10.5220/0007757304790487,https://doi.org/10.5220/0007757304790487,proceedings-article,31.378214
ref92,bibtex_title,titles_matched.csv,Serverless Computing &amp; Function-as-a-Service (FaaS) Optimization,Serverless Computing &amp; Function-as-a-Service (FaaS) Optimization,Nishanth Reddy Pinnapareddy,The American Journal of Engineering and Technology,2023,05,05,17-41,The USA Journals,10.37547/tajet/volume05issue05-09a,https://doi.org/10.37547/tajet/volume05issue05-09a,journal-article,56.49941
ref93,csv_title,titles_matched.csv,Rise of the Planet of Serverless Computing: A Systematic Review,Rise of the Planet of Serverless Computing: A Systematic Review,Jinfeng Wen; Zhenpeng Chen; Xin Jin; Xuanzhe Liu,ACM Transactions on Software Engineering and Methodology,2023,32,5,1-61,Association for Computing Machinery (ACM),10.1145/3579643,https://doi.org/10.1145/3579643,journal-article,45.768383
ref94,csv_title,titles_matched.csv,Towards Seamless Serverless Computing Across an Edge-Cloud Continuum,Towards Seamless Serverless Computing Across an Edge-Cloud Continuum,Emilian Simion; Yuandou Wang; Hsiang-ling Tai; Uraz Odyurt; Zhiming Zhao,Proceedings of the IEEE/ACM 16th International Conference on Utility and Cloud Computing,2023,,,1-6,ACM,10.1145/3603166.3632537,https://doi.org/10.1145/3603166.3632537,proceedings-article,67.01279
ref95,bibtex_title,titles_matched.csv,BeFaaS: An Application-Centric Benchmarking Framework for FaaS Platforms,BeFaaS: An Application-Centric Benchmarking Framework for FaaS Platforms,Martin Grambow; Tobias Pfandzelter; Luk Burchard; Carsten Schubert; Max Zhao; David Bermbach,2021 IEEE International Conference on Cloud Engineering (IC2E),2021,,,,IEEE,10.1109/ic2e52221.2021.00014,https://doi.org/10.1109/ic2e52221.2021.00014,proceedings-article,70.0879
ref96,csv_title,titles_matched.csv,Function-as-a-Service Performance Evaluation: A Multivocal Literature Review,Function-as-a-Service performance evaluation: A multivocal literature review,Joel Scheuner; Philipp Leitner,Journal of Systems and Software,2020,170,,110708,Elsevier BV,10.1016/j.jss.2020.110708,https://doi.org/10.1016/j.jss.2020.110708,journal-article,44.973404
ref98,csv_title,titles_matched.csv,Function-as-a-Service Performance Evaluation: A Multivocal Literature Review,Function-as-a-Service performance evaluation: A multivocal literature review,Joel Scheuner; Philipp Leitner,Journal of Systems and Software,2020,170,,110708,Elsevier BV,10.1016/j.jss.2020.110708,https://doi.org/10.1016/j.jss.2020.110708,journal-article,44.973404
ref99,csv_title,titles_matched.csv,Benchmarking Serverless Computing Platforms,Benchmarking Serverless Computing Platforms,Horácio Martins; Filipe Araujo; Paulo Rupino da Cunha,Journal of Grid Computing,2020,18,4,691-709,Springer Science and Business Media LLC,10.1007/s10723-020-09523-1,https://doi.org/10.1007/s10723-020-09523-1,journal-article,47.03823
ref100,bibtex_title,titles_matched.csv,Serverless Computing: Current Trends and Open Problems,Serverless Computing: Current Trends and Open Problems,Ioana Baldini; Paul Castro; Kerry Chang; Perry Cheng; Stephen Fink; Vatche Ishakian; Nick Mitchell; Vinod Muthusamy; Rodric Rabbah; Aleksander Slominski; Philippe Suter,Research Advances in Cloud Computing,2017,,,1-20,Springer Singapore,10.1007/978-981-10-5026-8_1,https://doi.org/10.1007/978-981-10-5026-8_1,book-chapter,48.97194
ref101,csv_title,titles_matched.csv,Toward security quantification of serverless computing,Toward security quantification of serverless computing,Kan Ni; Subrota Kumar Mondal; H M Dipu Kabir; Tian Tan; Hong-Ning Dai,Journal of Cloud Computing,2024,13,1,,Springer Science and Business Media LLC,10.1186/s13677-024-00703-y,https://doi.org/10.1186/s13677-024-00703-y,journal-article,45.99678
ref102,bibtex_title,titles_matched.csv,A survey on the cold start latency approaches in serverless computing: an optimization-based perspective,A survey on the cold start latency approaches in serverless computing: an optimization-based perspective,Mohsen Ghorbian; Mostafa Ghobaei-Arani,Computing,2024,106,11,3755-3809,Springer Science and Business Media LLC,10.1007/s00607-024-01335-5,https://doi.org/10.1007/s00607-024-01335-5,journal-article,60.17541
ref103,csv_title,titles_matched.csv,Optimizing cold start performance in serverless computing environments,Optimizing Cold Start Performance in Serverless Computing Environments,Daniel-George Malancioiu; Harold-Nimrod Foldvari; Florin Craciun,2024 26th International Symposium on Symbolic and Numeric Algorithms for Scientific Computing (SYNASC),2024,,,140-148,IEEE,10.1109/synasc65383.2024.00035,https://doi.org/10.1109/synasc65383.2024.00035,proceedings-article,58.031097
ref104,bibtex_title,titles_matched.csv,A Low-Latency Edge-Cloud Serverless Computing Framework with a Multi-Armed Bandit Scheduler,A Low-Latency Edge-Cloud Serverless Computing Framework with a Multi-Armed Bandit Scheduler,Justin Chigu; Ahmed El-Mahdy; Bassem Mokhtar; Maha Elsabrouty,2024 International Wireless Communications and Mobile Computing (IWCMC),2024,,,1655-1660,IEEE,10.1109/iwcmc61514.2024.10592558,https://doi.org/10.1109/iwcmc61514.2024.10592558,proceedings-article,79.33093
ref105,csv_title,titles_matched.csv,FUYAO: DPU-enabled direct data transfer for serverless computing,FUYAO: DPU-enabled Direct Data Transfer for Serverless Computing,Guowei Liu; Laiping Zhao; Yiming Li; Zhaolin Duan; Sheng Chen; Yitao Hu; Zhiyuan Su; Wenyu Qu,"Proceedings of the 29th ACM International Conference on Architectural Support for Programming Languages and Operating Systems, Volume 3",2024,,,431-447,ACM,10.1145/3620666.3651327,https://doi.org/10.1145/3620666.3651327,proceedings-article,76.723366
ref106,csv_title,titles_matched.csv,Tackling cold start in serverless computing with multi-level container reuse,Tackling Cold Start in Serverless Computing with Multi-Level Container Reuse,Amelie Chi Zhou; Rongzheng Huang; Zhoubin Ke; Yusen Li; Yi Wang; Rui Mao,2024 IEEE International Parallel and Distributed Processing Symposium (IPDPS),2024,,,,IEEE,10.1109/ipdps57955.2024.00017,https://doi.org/10.1109/ipdps57955.2024.00017,proceedings-article,70.99352
ref107,csv_title,titles_matched.csv,Analyzing tail latency in serverless clouds with STeLLAR,Analyzing Tail Latency in Serverless Clouds with STeLLAR,Dmitrii Ustiugov; Theodor Amariucai; Boris Grot,2021 IEEE International Symposium on Workload Characterization (IISWC),2021,,,51-62,IEEE,10.1109/iiswc53511.2021.00016,https://doi.org/10.1109/iiswc53511.2021.00016,proceedings-article,59.85544
ref108,csv_title,titles_matched.csv,EdgeFaaSBench: Benchmarking edge devices using serverless computing,EdgeFaaSBench: Benchmarking Edge Devices Using Serverless Computing,Kaustubh Rajendra Rajput; Chinmay Dilip Kulkarni; Byungjin Cho; Wei Wang; In Kee Kim,2022 IEEE International Conference on Edge Computing and Communications (EDGE),2022,,,93-103,IEEE,10.1109/edge55608.2022.00024,https://doi.org/10.1109/edge55608.2022.00024,proceedings-article,69.11209
ref109,csv_title,titles_matched.csv,BenchFaaS: Benchmarking serverless functions in an edge computing network testbed,BenchFaaS: Benchmarking Serverless Functions in an Edge Computing Network Testbed,Francisco Carpio; Marc Michalke; Admela Jukan,IEEE Network,2023,37,5,81-88,Institute of Electrical and Electronics Engineers (IEEE),10.1109/mnet.125.2200294,https://doi.org/10.1109/mnet.125.2200294,journal-article,72.95981
ref110,bibtex_title,titles_matched.csv,Performance Characterization of Data Store Event Trigger Mechanisms for Serverless Computing,Performance Characterization of Data Store Event Trigger Mechanisms for Serverless Computing,Ritul Satish; Sacheendra Talluri; Sudarsan Sivakumar; Matthijs Jansen; Alexandru Iosup,"2025 IEEE 25th International Symposium on Cluster, Cloud and Internet Computing (CCGrid)",2025,,,440-449,IEEE,10.1109/ccgrid64434.2025.00030,https://doi.org/10.1109/ccgrid64434.2025.00030,proceedings-article,63.086433
ref111,csv_title,titles_matched.csv,SeBS-Flow: Benchmarking serverless cloud function workflows,SeBS-Flow: Benchmarking Serverless Cloud Function Workflows,Larissa Schmid; Marcin Copik; Alexandru Calotoiu; Laurin Brandner; Anne Koziolek; Torsten Hoefler,Proceedings of the Twentieth European Conference on Computer Systems,2025,,,902-920,ACM,10.1145/3689031.3717465,https://doi.org/10.1145/3689031.3717465,proceedings-article,69.47042
ref112,csv_title,titles_matched.csv,Accelerating serverless computing by harvesting idle resources,Accelerating Serverless Computing by Harvesting Idle Resources,Hanfei Yu; Hao Wang; Jian Li; Xu Yuan; Seung-Jong Park,Proceedings of the ACM Web Conference 2022,2022,,,1741-1751,ACM,10.1145/3485447.3511979,https://doi.org/10.1145/3485447.3511979,proceedings-article,60.445297
ref113,bibtex_title,titles_matched.csv,ElastiBench: Scalable Continuous Benchmarking on Cloud FaaS Platforms,ElastiBench: Scalable Continuous Benchmarking on Cloud FaaS Platforms,Trever Schirmer; Tobias Pfandzelter; David Bermbach,2024 IEEE International Conference on Cloud Engineering (IC2E),2024,,,83-92,IEEE,10.1109/ic2e61754.2024.00016,https://doi.org/10.1109/ic2e61754.2024.00016,proceedings-article,73.310905
ref114,bibtex_title,titles_matched.csv,Comparison of FaaS Platform Performance in Private Clouds,Comparison of FaaS Platform Performance in Private Clouds,Marcelo Motta; Leonardo Reboucas De Carvalho; Michel Rosa; Aleteia Favacho De Araujo,Proceedings of the 12th International Conference on Cloud Computing and Services Science,2022,,,109-120,SCITEPRESS - Science and Technology Publications,10.5220/0011116700003200,https://doi.org/10.5220/0011116700003200,proceedings-article,49.557964
ref115,bibtex_title,titles_matched.csv,Evaluating Serverless Function Deployment Models on AWS Lambda,Evaluating Serverless Function Deployment Models on AWS Lambda,Gabriel Duessmann; Adriano Fiorese,Proceedings of the 27th International Conference on Enterprise Information Systems,2025,,,740-747,SCITEPRESS - Science and Technology Publications,10.5220/0013279500003929,https://doi.org/10.5220/0013279500003929,proceedings-article,64.81919
ref116,csv_title,titles_matched.csv,Function-as-a-Service benchmarking framework,Function-as-a-Service Benchmarking Framework,Roland Pellegrini; Igor Ivkic; Markus Tauber,Proceedings of the 9th International Conference on Cloud Computing and Services Science,2019,,,479-487,SCITEPRESS - Science and Technology Publications,10.5220/0007757304790487,https://doi.org/10.5220/0007757304790487,proceedings-article,31.352585
ref118,bibtex_title,titles_matched.csv,A Serverless Architecture for Efficient and Scalable Monte Carlo Markov Chain Computation,A Serverless Architecture for Efficient and Scalable Monte Carlo Markov Chain Computation,Fabio Castagna; Alberto Trombetta; Marco Landoni; Stefano Andreon,Proceedings of the 2023 7th International Conference on Cloud and Big Data Computing,2023,,,68-73,ACM,10.1145/3616131.3616141,https://doi.org/10.1145/3616131.3616141,proceedings-article,66.13006
ref119,bibtex_title,titles_matched.csv,Efficiency in the serverless cloud paradigm: A survey on the reusing and approximation aspects,Efficiency in the serverless cloud paradigm: A survey on the reusing and approximation aspects,Chavit Denninnart; Thanawat Chanikaphon; Mohsen Amini Salehi,Software: Practice and Experience,2023,53,10,1853-1886,Wiley,10.1002/spe.3233,https://doi.org/10.1002/spe.3233,journal-article,56.2014
ref121,bibtex_title,titles_matched.csv,Joint Resource Management and Pricing for Task Offloading in Serverless Edge Computing,Joint Resource Management and Pricing for Task Offloading in Serverless Edge Computing,Feridun Tütüncüoğlu; György Dán,IEEE Transactions on Mobile Computing,2024,23,6,7438-7452,Institute of Electrical and Electronics Engineers (IEEE),10.1109/tmc.2023.3334914,https://doi.org/10.1109/tmc.2023.3334914,journal-article,64.465
ref123,bibtex_title,titles_matched.csv,On the Power Consumption of Serverless Functions: An Evaluation of OpenFaaS,On the Power Consumption of Serverless Functions: An Evaluation of OpenFaaS,Abdulaziz Alhindi; Karim Djemame; Fatemeh Banaie Heravan,2022 IEEE/ACM 15th International Conference on Utility and Cloud Computing (UCC),2022,,,,IEEE,10.1109/ucc56403.2022.00064,https://doi.org/10.1109/ucc56403.2022.00064,proceedings-article,49.522884
ref126,bibtex_title,titles_matched.csv,Toward security quantification of serverless computing,Toward security quantification of serverless computing,Kan Ni; Subrota Kumar Mondal; H M Dipu Kabir; Tian Tan; Hong-Ning Dai,Journal of Cloud Computing,2024,13,1,,Springer Science and Business Media LLC,10.1186/s13677-024-00703-y,https://doi.org/10.1186/s13677-024-00703-y,journal-article,46.003365
ref129,csv_title,titles_matched.csv,RL-Based Approach to Enhance Reliability and Efficiency in Autoscaling for Heterogeneous Edge Serverless Computing Environments,RL-Based Approach to Enhance Reliability and Efficiency in Autoscaling for Heterogeneous Edge Serverless Computing Environments,Ilyas Hadjou; Young-Woo Kwon,2024 IEEE 29th Pacific Rim International Symposium on Dependable Computing (PRDC),2024,,,163-172,IEEE,10.1109/prdc63035.2024.00046,https://doi.org/10.1109/prdc63035.2024.00046,proceedings-article,76.83865
ref130,csv_title,titles_matched.csv,Optimizing Cold Start Performance in Serverless Computing Environments,Optimizing Cold Start Performance in Serverless Computing Environments,Daniel-George Malancioiu; Harold-Nimrod Foldvari; Florin Craciun,2024 26th International Symposium on Symbolic and Numeric Algorithms for Scientific Computing (SYNASC),2024,,,140-148,IEEE,10.1109/synasc65383.2024.00035,https://doi.org/10.1109/synasc65383.2024.00035,proceedings-article,58.031097
ref131,csv_title,titles_matched.csv,A Low-Latency Edge-Cloud Serverless Computing Framework with a Multi-Armed Bandit Scheduler,A Low-Latency Edge-Cloud Serverless Computing Framework with a Multi-Armed Bandit Scheduler,Justin Chigu; Ahmed El-Mahdy; Bassem Mokhtar; Maha Elsabrouty,2024 International Wireless Communications and Mobile Computing (IWCMC),2024,,,1655-1660,IEEE,10.1109/iwcmc61514.2024.10592558,https://doi.org/10.1109/iwcmc61514.2024.10592558,proceedings-article,79.33093
ref132,csv_title,titles_matched.csv,FUYAO: DPU-enabled Direct Data Transfer for Serverless Computing,FUYAO: DPU-enabled Direct Data Transfer for Serverless Computing,Guowei Liu; Laiping Zhao; Yiming Li; Zhaolin Duan; Sheng Chen; Yitao Hu; Zhiyuan Su; Wenyu Qu,"Proceedings of the 29th ACM International Conference on Architectural Support for Programming Languages and Operating Systems, Volume 3",2024,,,431-447,ACM,10.1145/3620666.3651327,https://doi.org/10.1145/3620666.3651327,proceedings-article,76.58834
ref133,csv_title,titles_matched.csv,Tackling Cold Start in Serverless Computing with Multi-Level Container Reuse,Tackling Cold Start in Serverless Computing with Multi-Level Container Reuse,Amelie Chi Zhou; Rongzheng Huang; Zhoubin Ke; Yusen Li; Yi Wang; Rui Mao,2024 IEEE International Parallel and Distributed Processing Symposium (IPDPS),2024,,,,IEEE,10.1109/ipdps57955.2024.00017,https://doi.org/10.1109/ipdps57955.2024.00017,proceedings-article,71.07201
ref134,csv_title,titles_matched.csv,FIAless: Asynchronous Programming for Large-Scale Burst Requests in Serverless Computing,FIAless: Asynchronous Programming for Large-Scale Burst Requests in Serverless Computing,Chenyang Guan; Junjie Yin; Xiaofeng Wang,2024 IEEE International Conference on High Performance Computing and Communications (HPCC),2024,,,442-449,IEEE,10.1109/hpcc64274.2024.00066,https://doi.org/10.1109/hpcc64274.2024.00066,proceedings-article,78.85941
ref135,csv_title,titles_matched.csv,KneeScale: Efficient Resource Scaling for Serverless Computing at the Edge,KneeScale: Efficient Resource Scaling for Serverless Computing at the Edge,Xue Li; Peng Kang; Jordan Molone; Wei Wang; Palden Lama,"2022 22nd IEEE International Symposium on Cluster, Cloud and Internet Computing (CCGrid)",2022,,,180-189,IEEE,10.1109/ccgrid54584.2022.00027,https://doi.org/10.1109/ccgrid54584.2022.00027,proceedings-article,61.791996
ref136,csv_title,titles_matched.csv,Towards Quality of Experience Fairness for Serverless Functions,Towards Quality of Experience Fairness for Serverless Functions,Xue Li; Palden Lama; Tania Lorido-Botran; Wei Wang,2024 IEEE Cloud Summit,2024,,,61-66,IEEE,10.1109/cloud-summit61220.2024.00017,https://doi.org/10.1109/cloud-summit61220.2024.00017,proceedings-article,48.49296
ref137,csv_title,titles_matched.csv,Enabling HPC Scientific Workflows for Serverless,Enabling HPC Scientific Workflows for Serverless,Anderson Andrei Da Silva; Rolando Pablo Hong Enriquez; Gourav Rattihalli; Vijay Thurimella; Rafael Ferreira Da Silva; Dejan Milojicic,"SC24-W: Workshops of the International Conference for High Performance Computing, Networking, Storage and Analysis",2024,,,110-125,IEEE,10.1109/scw63240.2024.00022,https://doi.org/10.1109/scw63240.2024.00022,proceedings-article,56.955544
ref138,csv_title,titles_matched.csv,Optimizing Resource Management in Serverless Computing: A Dynamic Adaptive Scaling Approach,Optimizing Resource Management in Serverless Computing: A Dynamic Adaptive Scaling Approach,Tanaya Biswas; Prashant Kumar,2024 15th International Conference on Computing Communication and Networking Technologies (ICCCNT),2024,,,1-7,IEEE,10.1109/icccnt61001.2024.10724128,https://doi.org/10.1109/icccnt61001.2024.10724128,proceedings-article,60.337814
ref139,csv_title,titles_matched.csv,ATOM: AI-Powered Sustainable Resource Management for Serverless Edge Computing Environments,ATOM: AI-Powered Sustainable Resource Management for Serverless Edge Computing Environments,Muhammed Golec; Sukhpal Singh Gill; Felix Cuadrado; Ajith Kumar Parlikad; Minxian Xu; Huaming Wu; Steve Uhlig,IEEE Transactions on Sustainable Computing,2024,9,6,817-829,Institute of Electrical and Electronics Engineers (IEEE),10.1109/tsusc.2023.3348157,https://doi.org/10.1109/tsusc.2023.3348157,journal-article,71.45685
ref140,csv_title,titles_matched.csv,"Resource Management in Serverless Computing - Review, Research Challenges, and Prospects","Resource Management in Serverless Computing - Review, Research Challenges, and Prospects",Kannan Govindarajan; Andrè De Tienne,2023 12th International Conference on Advanced Computing (ICoAC),2023,,,1-5,IEEE,10.1109/icoac59537.2023.10249574,https://doi.org/10.1109/icoac59537.2023.10249574,proceedings-article,52.89731
ref141,csv_title,titles_matched.csv,Joint Resource Management and Pricing for Task Offloading in Serverless Edge Computing,Joint Resource Management and Pricing for Task Offloading in Serverless Edge Computing,Feridun Tütüncüoğlu; György Dán,IEEE Transactions on Mobile Computing,2024,23,6,7438-7452,Institute of Electrical and Electronics Engineers (IEEE),10.1109/tmc.2023.3334914,https://doi.org/10.1109/tmc.2023.3334914,journal-article,64.465
ref142,csv_title,titles_matched.csv,Toward security quantification of serverless computing,Toward security quantification of serverless computing,Kan Ni; Subrota Kumar Mondal; H M Dipu Kabir; Tian Tan; Hong-Ning Dai,Journal of Cloud Computing,2024,13,1,,Springer Science and Business Media LLC,10.1186/s13677-024-00703-y,https://doi.org/10.1186/s13677-024-00703-y,journal-article,46.003365
ref143,csv_title,titles_matched.csv,On the Power Consumption of Serverless Functions: An Evaluation of OpenFaaS,On the Power Consumption of Serverless Functions: An Evaluation of OpenFaaS,Abdulaziz Alhindi; Karim Djemame; Fatemeh Banaie Heravan,2022 IEEE/ACM 15th International Conference on Utility and Cloud Computing (UCC),2022,,,,IEEE,10.1109/ucc56403.2022.00064,https://doi.org/10.1109/ucc56403.2022.00064,proceedings-article,48.607906
ref144,bibtex_title,titles_matched.csv,TriggerBench: A Performance Benchmark for Serverless Function Triggers,TriggerBench: A Performance Benchmark for Serverless Function Triggers,Joel Scheuner; Marcus Bertilsson; Oskar Gronqvist; Henrik Tao; Henrik Lagergren; Jan-Philipp Steghofer; Philipp Leitner,2022 IEEE International Conference on Cloud Engineering (IC2E),2022,,,96-103,IEEE,10.1109/ic2e55432.2022.00018,https://doi.org/10.1109/ic2e55432.2022.00018,proceedings-article,60.25139
ref147,csv_title,titles_matched.csv,Practical Cloud Workloads for Serverless FaaS,Practical Cloud Workloads for Serverless FaaS,Jeongchul Kim; Kyungyong Lee,Proceedings of the ACM Symposium on Cloud Computing,2019,,,477-477,ACM,10.1145/3357223.3365439,https://doi.org/10.1145/3357223.3365439,proceedings-article,58.8941
ref148,csv_title,titles_matched.csv,FunctionBench: A Suite of Workloads for Serverless Cloud Function Service,FunctionBench: A Suite of Workloads for Serverless Cloud Function Service,Jeongchul Kim; Kyungyong Lee,2019 IEEE 12th International Conference on Cloud Computing (CLOUD),2019,,,,IEEE,10.1109/cloud.2019.00091,https://doi.org/10.1109/cloud.2019.00091,proceedings-article,66.29655
ref149,bibtex_title,titles_matched.csv,ElastiBench: Scalable Continuous Benchmarking on Cloud FaaS Platforms,ElastiBench: Scalable Continuous Benchmarking on Cloud FaaS Platforms,Trever Schirmer; Tobias Pfandzelter; David Bermbach,2024 IEEE International Conference on Cloud Engineering (IC2E),2024,,,83-92,IEEE,10.1109/ic2e61754.2024.00016,https://doi.org/10.1109/ic2e61754.2024.00016,proceedings-article,73.310905
ref150,csv_title,titles_matched.csv,Comparison of FaaS Platform Performance in Private Clouds,Comparison of FaaS Platform Performance in Private Clouds,Marcelo Motta; Leonardo Reboucas De Carvalho; Michel Rosa; Aleteia Favacho De Araujo,Proceedings of the 12th International Conference on Cloud Computing and Services Science,2022,,,109-120,SCITEPRESS - Science and Technology Publications,10.5220/0011116700003200,https://doi.org/10.5220/0011116700003200,proceedings-article,49.557964
ref151,csv_title,titles_matched.csv,Evaluating Serverless Function Deployment Models on AWS Lambda,Evaluating Serverless Function Deployment Models on AWS Lambda,Gabriel Duessmann; Adriano Fiorese,Proceedings of the 27th International Conference on Enterprise Information Systems,2025,,,740-747,SCITEPRESS - Science and Technology Publications,10.5220/0013279500003929,https://doi.org/10.5220/0013279500003929,proceedings-article,64.75416
ref152,bibtex_title,titles_matched.csv,Serverless Computing &amp; Function-as-a-Service (FaaS) Optimization,Serverless Computing &amp; Function-as-a-Service (FaaS) Optimization,Nishanth Reddy Pinnapareddy,The American Journal of Engineering and Technology,2023,05,05,17-41,The USA Journals,10.37547/tajet/volume05issue05-09a,https://doi.org/10.37547/tajet/volume05issue05-09a,journal-article,56.49941
ref153,bibtex_title,titles_matched.csv,A Review: Cold Start Latency in Serverless Computing,A Review: Cold Start Latency in Serverless Computing,Parikshit Verma; Paurav Goel; Neetu Rani,2024 Sixth International Conference on Computational Intelligence and Communication Technologies (CCICT),2024,,,141-148,IEEE,10.1109/ccict62777.2024.00034,https://doi.org/10.1109/ccict62777.2024.00034,proceedings-article,51.312065
ref157,bibtex_title,titles_matched.csv,GoldFish: Serverless Actors with Short-Term Memory State for the Edge-Cloud Continuum,GoldFish: Serverless Actors with Short-Term Memory State for the Edge-Cloud Continuum,Cynthia Marcelino; Jack Shahhoud; Stefan Nastic,Proceedings of the 14th International Conference on the Internet of Things,2024,,,56-64,ACM,10.1145/3703790.3703797,https://doi.org/10.1145/3703790.3703797,proceedings-article,70.21888
ref158,csv_title,titles_matched.csv,LLM-Based Misconfiguration Detection for AWS Serverless Computing,LLM-Based Misconfiguration Detection for AWS Serverless Computing,Jinfeng Wen; Zhenpeng Chen; Zixi Zhu; Federica Sarro; Yi Liu; Haodi Ping; Shangguang Wang,ACM Transactions on Software Engineering and Methodology,2025,,,,Association for Computing Machinery (ACM),10.1145/3745766,https://doi.org/10.1145/3745766,journal-article,70.18072
ref159,bibtex_title,titles_matched.csv,Input-Based Ensemble-Learning Method for Dynamic Memory Configuration of Serverless Computing Functions,Input-Based Ensemble-Learning Method for Dynamic Memory Configuration of Serverless Computing Functions,Siddharth Agarwal; Maria A. Rodriguez; Rajkumar Buyya,2024 IEEE/ACM 17th International Conference on Utility and Cloud Computing (UCC),2024,,,346-355,IEEE,10.1109/ucc63386.2024.00055,https://doi.org/10.1109/ucc63386.2024.00055,proceedings-article,66.2874
ref161,csv_title,titles_matched.csv,Serverless Computing for Scientific Applications,Serverless Computing for Scientific Applications,Maciej Malawski; Bartosz Balis,IEEE Internet Computing,2022,26,4,53-58,Institute of Electrical and Electronics Engineers (IEEE),10.1109/mic.2022.3168810,https://doi.org/10.1109/mic.2022.3168810,journal-article,38.334282
ref162,bibtex_title,titles_matched.csv,Efficiency in the serverless cloud paradigm: A survey on the reusing and approximation aspects,Efficiency in the serverless cloud paradigm: A survey on the reusing and approximation aspects,Chavit Denninnart; Thanawat Chanikaphon; Mohsen Amini Salehi,Software: Practice and Experience,2023,53,10,1853-1886,Wiley,10.1002/spe.3233,https://doi.org/10.1002/spe.3233,journal-article,56.2014
ref165,csv_title,titles_matched.csv,Accelerating Serverless Computing by Harvesting Idle Resources,Accelerating Serverless Computing by Harvesting Idle Resources,Hanfei Yu; Hao Wang; Jian Li; Xu Yuan; Seung-Jong Park,Proceedings of the ACM Web Conference 2022,2022,,,1741-1751,ACM,10.1145/3485447.3511979,https://doi.org/10.1145/3485447.3511979,proceedings-article,60.46309
ref166,csv_title,titles_matched.csv,In-Storage Domain-Specific Acceleration for Serverless Computing,In-Storage Domain-Specific Acceleration for Serverless Computing,Rohan Mahapatra; Soroush Ghodrati; Byung Hoon Ahn; Sean Kinzer; Shu-Ting Wang; Hanyang Xu; Lavanya Karthikeyan; Hardik Sharma; Amir Yazdanbakhsh; Mohammad Alian; Hadi Esmaeilzadeh,"Proceedings of the 29th ACM International Conference on Architectural Support for Programming Languages and Operating Systems, Volume 2",2024,,,530-548,ACM,10.1145/3620665.3640413,https://doi.org/10.1145/3620665.3640413,proceedings-article,49.911903
ref167,bibtex_title,titles_matched.csv,A Serverless Architecture for Efficient and Scalable Monte Carlo Markov Chain Computation,A Serverless Architecture for Efficient and Scalable Monte Carlo Markov Chain Computation,Fabio Castagna; Alberto Trombetta; Marco Landoni; Stefano Andreon,Proceedings of the 2023 7th International Conference on Cloud and Big Data Computing,2023,,,68-73,ACM,10.1145/3616131.3616141,https://doi.org/10.1145/3616131.3616141,proceedings-article,66.10636
ref3,bibtex_title,titles_different.csv,SeBS-Flow: Benchmarking Serverless Cloud Function Workflows,SeBS-Flow: Benchmarking Serverless Cloud Function Workflows,Larissa Schmid; Marcin Copik; Alexandru Calotoiu; Laurin Brandner; Anne Koziolek; Torsten Hoefler,Proceedings of the Twentieth European Conference on Computer Systems,2025,,,902-920,ACM,10.1145/3689031.3717465,https://doi.org/10.1145/3689031.3717465,proceedings-article,69.47042
ref5,bibtex_title,titles_different.csv,Nuka: A Generic Engine with Millisecond Initialization for Serverless Computing,Nuka: A Generic Engine with Millisecond Initialization for Serverless Computing,Shijun Qin; Heng Wu; Yuewen Wu; Bowen Yan; Yuanjia Xu; Wenbo Zhang,2020 IEEE International Conference on Joint Cloud Computing,2020,,,78-85,IEEE,10.1109/jcc49151.2020.00021,https://doi.org/10.1109/jcc49151.2020.00021,proceedings-article,72.8324
ref6,bibtex_title,titles_different.csv,Microarchitectural Security of Firecracker VMM for Serverless Cloud Platforms,Microarchitectural Security of Firecracker VMM for Serverless Cloud Platforms,Zane Weissman; Thore Tiemann; Thomas Eisenbarth; Berk Sunar,Lecture Notes in Computer Science,2025,,,3-24,Springer Nature Switzerland,10.1007/978-3-031-80020-7_1,https://doi.org/10.1007/978-3-031-80020-7_1,book-chapter,81.08487
ref7,bibtex_title,titles_different.csv,On k-skip shortest paths,On k-skip shortest paths,Yufei Tao; Cheng Sheng; Jian Pei,Proceedings of the 2011 ACM SIGMOD International Conference on Management of data,2011,,,421-432,ACM,10.1145/1989323.1989368,https://doi.org/10.1145/1989323.1989368,proceedings-article,37.429756
ref8,bibtex_title,titles_different.csv,From warm to hot starts,From warm to hot starts,Joao Carreira; Sumer Kohli; Rodrigo Bruno; Pedro Fonseca,Proceedings of the Workshop on Hot Topics in Operating Systems,2021,,,58-64,ACM,10.1145/3458336.3465305,https://doi.org/10.1145/3458336.3465305,proceedings-article,37.568855
ref9,bibtex_title,titles_different.csv,Peeking Behind the Curtains,Peeking Behind the Curtains,Annamaria Fratini; Susan R. Hemer; Anna Chur-Hansen,Anthropology in Action,2022,29,3,1-13,Berghahn Books,10.3167/aia.2022.290301,https://doi.org/10.3167/aia.2022.290301,journal-article,44.216393
ref10,bibtex_title,titles_different.csv,SMPI: Scalable Serverless MPI Computing,SMPI: Scalable Serverless MPI Computing,Yuxin Yuan; Xiao Shi; Zhengyu Lei; Xiaohong Wang; Xiaofang Zhao,"2022 IEEE International Performance, Computing, and Communications Conference (IPCCC)",2022,,,275-282,IEEE,10.1109/ipccc55026.2022.9894339,https://doi.org/10.1109/ipccc55026.2022.9894339,proceedings-article,66.79307
ref12,bibtex_title,titles_different.csv,HybridSFC: Accelerating Service Function Chains with Parallelism,HybridSFC: Accelerating Service Function Chains with Parallelism,Yang Zhang; Zhi-Li Zhang; Bo Han,2019 IEEE Conference on Network Function Virtualization and Software Defined Networks (NFV-SDN),2019,,,1-7,IEEE,10.1109/nfv-sdn47374.2019.9040088,https://doi.org/10.1109/nfv-sdn47374.2019.9040088,proceedings-article,62.44621
ref13,bibtex_title,titles_different.csv,Serverless High-Performance Computing over Cloud,Serverless High-Performance Computing over Cloud,Davit Petrosyan; Hrachya Astsatryan,Cybernetics and Information Technologies,2022,22,3,82-92,Walter de Gruyter GmbH,10.2478/cait-2022-0029,https://doi.org/10.2478/cait-2022-0029,journal-article,47.972248
ref16,bibtex_title,titles_different.csv,Optimizing Simultaneous Autoscaling for Serverless Cloud Computing,Optimizing Simultaneous Autoscaling for Serverless Cloud Computing,Harold Ship; Evgeny Shindin; Chen Wang; Diana Arroyo; Asser Tantawi,2024 IEEE 17th International Conference on Cloud Computing (CLOUD),2024,,,105-114,IEEE,10.1109/cloud62652.2024.00022,https://doi.org/10.1109/cloud62652.2024.00022,proceedings-article,61.04387
ref17,bibtex_title,titles_different.csv,Halfmoon: Log-Optimal Fault-Tolerant Stateful Serverless Computing,Halfmoon: Log-Optimal Fault-Tolerant Stateful Serverless Computing,Sheng Qi; Xuanzhe Liu; Xin Jin,Proceedings of the 29th Symposium on Operating Systems Principles,2023,,,314-330,ACM,10.1145/3600006.3613154,https://doi.org/10.1145/3600006.3613154,proceedings-article,84.25303
ref20,bibtex_title,titles_different.csv,Benchmarking parallelism in FaaS platforms,Benchmarking parallelism in FaaS platforms,Daniel Barcelona-Pons; Pedro García-López,Future Generation Computer Systems,2021,124,,268-284,Elsevier BV,10.1016/j.future.2021.06.005,https://doi.org/10.1016/j.future.2021.06.005,journal-article,49.792744
ref22,bibtex_title,titles_different.csv,Protecting OpenFlow using Intel SGX,Protecting OpenFlow using Intel SGX,Jorge Medina; Nicolae Paladiy; Patrik Arlosz,2019 IEEE Conference on Network Function Virtualization and Software Defined Networks (NFV-SDN),2019,,,1-6,IEEE,10.1109/nfv-sdn47374.2019.9039980,https://doi.org/10.1109/nfv-sdn47374.2019.9039980,proceedings-article,61.07553
ref24,bibtex_title,titles_different.csv,Efficient Fault Tolerance for Stateful Serverless Computing with Asymmetric Logging,Efficient Fault Tolerance for Stateful Serverless Computing with Asymmetric Logging,Sheng Qi; Haoyu Feng; Xuanzhe Liu; Xin Jin,ACM Transactions on Computer Systems,2025,43,1-2,1-43,Association for Computing Machinery (ACM),10.1145/3725985,https://doi.org/10.1145/3725985,journal-article,68.61054
ref28,bibtex_title,titles_different.csv,Enabling Serverless Sky Computing,Enabling Serverless Sky Computing,Robert Cordingly; Wes Lloyd,2023 IEEE International Conference on Cloud Engineering (IC2E),2023,,,232-235,IEEE,10.1109/ic2e59103.2023.00038,https://doi.org/10.1109/ic2e59103.2023.00038,proceedings-article,47.0995
ref32,bibtex_title,titles_different.csv,ACTS: Autonomous Cost-Efficient Task Orchestration for Serverless Analytics,ACTS: Autonomous Cost-Efficient Task Orchestration for Serverless Analytics,Jananie Jarachanthan; Li Chen; Fei Xu,2023 IEEE/ACM 31st International Symposium on Quality of Service (IWQoS),2023,,,1-10,IEEE,10.1109/iwqos57198.2023.10188782,https://doi.org/10.1109/iwqos57198.2023.10188782,proceedings-article,69.081474
ref40,bibtex_title,titles_different.csv,Cost-aware service function chain migration in satellite-ground integrated networks,Cost-aware service function chain migration in satellite-ground integrated networks,Zhiyu Fu; Jing Ran; Hefei Hu,"Third International Conference on Algorithms, Microchips, and Network Applications (AMNA 2024)",2024,,,35,SPIE,10.1117/12.3031967,https://doi.org/10.1117/12.3031967,proceedings-article,62.759415
ref42,bibtex_title,titles_different.csv,Prediction-driven resource provisioning for serverless container runtimes,Prediction-driven resource provisioning for serverless container runtimes,Dimitrios Tomaras; Michail Tsenos; Vana Kalogeraki,2023 IEEE International Conference on Autonomic Computing and Self-Organizing Systems (ACSOS),2023,,,1-6,IEEE,10.1109/acsos58161.2023.00033,https://doi.org/10.1109/acsos58161.2023.00033,proceedings-article,69.06362
ref43,bibtex_title,titles_different.csv,CSPOT,CSPOT,Rich Wolski; Chandra Krintz; Fatih Bakir; Gareth George; Wei-Tsung Lin,Proceedings of the 4th ACM/IEEE Symposium on Edge Computing,2019,,,236-249,ACM,10.1145/3318216.3363314,https://doi.org/10.1145/3318216.3363314,proceedings-article,24.264725
ref48,bibtex_title,titles_different.csv,Accelerating Serverless Computing by Harvesting Idle Resources,Accelerating Serverless Computing by Harvesting Idle Resources,Hanfei Yu; Hao Wang; Jian Li; Xu Yuan; Seung-Jong Park,Proceedings of the ACM Web Conference 2022,2022,,,1741-1751,ACM,10.1145/3485447.3511979,https://doi.org/10.1145/3485447.3511979,proceedings-article,60.46309
ref53,bibtex_title,titles_different.csv,ACPM: adaptive container provisioning model to mitigate serverless cold-start,ACPM: adaptive container provisioning model to mitigate serverless cold-start,Anisha Kumari; Bibhudatta Sahoo,Cluster Computing,2024,27,2,1333-1360,Springer Science and Business Media LLC,10.1007/s10586-023-04016-8,https://doi.org/10.1007/s10586-023-04016-8,journal-article,81.0579
ref55,bibtex_title,titles_different.csv,Predicting Performance and Cost of Serverless Computing Functions with SAAF,Predicting Performance and Cost of Serverless Computing Functions with SAAF,Robert Cordingly; Wen Shu; Wes J. Lloyd,"2020 IEEE Intl Conf on Dependable, Autonomic and Secure Computing, Intl Conf on Pervasive Intelligence and Computing, Intl Conf on Cloud and Big Data Computing, Intl Conf on Cyber Science and Technology Congress (DASC/PiCom/CBDCom/CyberSciTech)",2020,,,640-649,IEEE,10.1109/dasc-picom-cbdcom-cyberscitech49142.2020.00111,https://doi.org/10.1109/dasc-picom-cbdcom-cyberscitech49142.2020.00111,proceedings-article,57.517334
ref59,bibtex_title,titles_different.csv,An adaptive function placement in serverless computing,An adaptive function placement in serverless computing,Donghong Xu; Zhongbin Sun,Cluster Computing,2022,25,5,3161-3174,Springer Science and Business Media LLC,10.1007/s10586-021-03506-x,https://doi.org/10.1007/s10586-021-03506-x,journal-article,43.227516
ref63,bibtex_title,titles_different.csv,Serverless Computing Performance Evaluation,Serverless Computing Performance Evaluation,Preeti Sharma; Mihir Kumar; Kalpit Chouthwani,National Conference on Information Technology &amp; Digital Application (NCITSA-2025),2025,,,,Infogain Publicatiom,10.22161/ijaems.ncitsa.2025.53,https://doi.org/10.22161/ijaems.ncitsa.2025.53,proceedings-article,36.419395
ref81,bibtex_title,titles_different.csv,Keynote: Designing Serverless Platforms to Support Emerging Applications,Keynote: Designing Serverless Platforms to Support Emerging Applications,Cristina L. Abad,2022 IEEE International Conference on Pervasive Computing and Communications Workshops and other Affiliated Events (PerCom Workshops),2022,,,1-1,IEEE,10.1109/percomworkshops53856.2022.9775198,https://doi.org/10.1109/percomworkshops53856.2022.9775198,proceedings-article,60.790173
ref82,bibtex_title,titles_different.csv,"FaaSGraph: Enabling Scalable, Efficient, and Cost-Effective Graph Processing with Serverless Computing","FaaSGraph: Enabling Scalable, Efficient, and Cost-Effective Graph Processing with Serverless Computing",Yushi Liu; Shixuan Sun; Zijun Li; Quan Chen; Sen Gao; Bingsheng He; Chao Li; Minyi Guo,"Proceedings of the 29th ACM International Conference on Architectural Support for Programming Languages and Operating Systems, Volume 2",2024,,,385-400,ACM,10.1145/3620665.3640361,https://doi.org/10.1145/3620665.3640361,proceedings-article,77.22523
ref88,bibtex_title,titles_different.csv,SeBS-Flow: Benchmarking Serverless Cloud Function Workflows,SeBS-Flow: Benchmarking Serverless Cloud Function Workflows,Larissa Schmid; Marcin Copik; Alexandru Calotoiu; Laurin Brandner; Anne Koziolek; Torsten Hoefler,Proceedings of the Twentieth European Conference on Computer Systems,2025,,,902-920,ACM,10.1145/3689031.3717465,https://doi.org/10.1145/3689031.3717465,proceedings-article,69.43639
ref89,bibtex_title,titles_different.csv,"Comparative Study of Cloud Services Offered by Amazon, Microsoft and Google","Comparative Study of Cloud Services Offered by Amazon, Microsoft and Google",Pranay Dutta; Prashant Dutta,International Journal of Trend in Scientific Research and Development,2019,Volume-3,Issue-3,981-985,South Asia Management Association,10.31142/ijtsrd23170,https://doi.org/10.31142/ijtsrd23170,journal-article,60.029076
ref97,bibtex_title,titles_different.csv,Performance Benchmarking of Serverless Computing Platforms,Performance Benchmarking of Serverless Computing Platforms,Dhruv Seth; Pradeep Chintale,International Journal of Computer Trends and Technology,2024,72,6,160-167,Seventh Sense Research Group Journals,10.14445/22312803/ijctt-v72i6p121,https://doi.org/10.14445/22312803/ijctt-v72i6p121,journal-article,48.304092
ref117,bibtex_title,titles_different.csv,Performance Benchmarking of Serverless Computing Platforms,Performance Benchmarking of Serverless Computing Platforms,Dhruv Seth; Pradeep Chintale,International Journal of Computer Trends and Technology,2024,72,6,160-167,Seventh Sense Research Group Journals,10.14445/22312803/ijctt-v72i6p121,https://doi.org/10.14445/22312803/ijctt-v72i6p121,journal-article,48.25464
ref120,bibtex_title,titles_different.csv,"Resource Management in Serverless Computing - Review, Research Challenges, and Prospects","Resource Management in Serverless Computing - Review, Research Challenges, and Prospects",Kannan Govindarajan; Andrè De Tienne,2023 12th International Conference on Advanced Computing (ICoAC),2023,,,1-5,IEEE,10.1109/icoac59537.2023.10249574,https://doi.org/10.1109/icoac59537.2023.10249574,proceedings-article,52.934624
ref122,bibtex_title,titles_different.csv,ATOM: AI-Powered Sustainable Resource Management for Serverless Edge Computing Environments,ATOM: AI-Powered Sustainable Resource Management for Serverless Edge Computing Environments,Muhammed Golec; Sukhpal Singh Gill; Felix Cuadrado; Ajith Kumar Parlikad; Minxian Xu; Huaming Wu; Steve Uhlig,IEEE Transactions on Sustainable Computing,2024,9,6,817-829,Institute of Electrical and Electronics Engineers (IEEE),10.1109/tsusc.2023.3348157,https://doi.org/10.1109/tsusc.2023.3348157,journal-article,71.45685
ref124,bibtex_title,titles_different.csv,Towards Quality of Experience Fairness for Serverless Functions,Towards Quality of Experience Fairness for Serverless Functions,Xue Li; Palden Lama; Tania Lorido-Botran; Wei Wang,2024 IEEE Cloud Summit,2024,,,61-66,IEEE,10.1109/cloud-summit61220.2024.00017,https://doi.org/10.1109/cloud-summit61220.2024.00017,proceedings-article,48.536804
ref125,bibtex_title,titles_different.csv,Privacy-preserving Real-time Anomaly Detection Using Edge Computing,Privacy-preserving Real-time Anomaly Detection Using Edge Computing,Shagufta Mehnaz; Elisa Bertino,2020 IEEE 36th International Conference on Data Engineering (ICDE),2020,,,469-480,IEEE,10.1109/icde48307.2020.00047,https://doi.org/10.1109/icde48307.2020.00047,proceedings-article,60.720154
ref127,bibtex_title,titles_different.csv,GPU Enabled Serverless Computing Framework,GPU Enabled Serverless Computing Framework,Jaewook Kim; Tae Joon Jun; Daeyoun Kang; Dohyeun Kim; Daeyoung Kim,"2018 26th Euromicro International Conference on Parallel, Distributed and Network-based Processing (PDP)",2018,,,533-540,IEEE,10.1109/pdp2018.2018.00090,https://doi.org/10.1109/pdp2018.2018.00090,proceedings-article,52.054356
ref128,bibtex_title,titles_different.csv,Multi-Agent Learning-based Package Caching in Serverless Edge Computing,Multi-Agent Learning-based Package Caching in Serverless Edge Computing,Hongseok Jeon; Seungjae Shin; Chunglae Cho; Seunghyun Yoon,2022 13th International Conference on Information and Communication Technology Convergence (ICTC),2022,,,400-402,IEEE,10.1109/ictc55196.2022.9952429,https://doi.org/10.1109/ictc55196.2022.9952429,proceedings-article,65.17895
ref145,bibtex_title,titles_different.csv,Keynote: Designing Serverless Platforms to Support Emerging Applications,Keynote: Designing Serverless Platforms to Support Emerging Applications,Cristina L. Abad,2022 IEEE International Conference on Pervasive Computing and Communications Workshops and other Affiliated Events (PerCom Workshops),2022,,,1-1,IEEE,10.1109/percomworkshops53856.2022.9775198,https://doi.org/10.1109/percomworkshops53856.2022.9775198,proceedings-article,60.790173
ref146,bibtex_title,titles_different.csv,"FaaSGraph: Enabling Scalable, Efficient, and Cost-Effective Graph Processing with Serverless Computing","FaaSGraph: Enabling Scalable, Efficient, and Cost-Effective Graph Processing with Serverless Computing",Yushi Liu; Shixuan Sun; Zijun Li; Quan Chen; Sen Gao; Bingsheng He; Chao Li; Minyi Guo,"Proceedings of the 29th ACM International Conference on Architectural Support for Programming Languages and Operating Systems, Volume 2",2024,,,385-400,ACM,10.1145/3620665.3640361,https://doi.org/10.1145/3620665.3640361,proceedings-article,77.22523
ref154,bibtex_title,titles_different.csv,"Stateful Serverless Computing with
            <scp>Crucial</scp>","Stateful Serverless Computing with
            <scp>Crucial</scp>",Daniel Barcelona-Pons; Pierre Sutra; Marc Sánchez-Artigas; Gerard París; Pedro García-López,ACM Transactions on Software Engineering and Methodology,2022,31,3,1-38,Association for Computing Machinery (ACM),10.1145/3490386,https://doi.org/10.1145/3490386,journal-article,63.583035
ref155,bibtex_title,titles_different.csv,Multi-Agent Learning-based Package Caching in Serverless Edge Computing,Multi-Agent Learning-based Package Caching in Serverless Edge Computing,Hongseok Jeon; Seungjae Shin; Chunglae Cho; Seunghyun Yoon,2022 13th International Conference on Information and Communication Technology Convergence (ICTC),2022,,,400-402,IEEE,10.1109/ictc55196.2022.9952429,https://doi.org/10.1109/ictc55196.2022.9952429,proceedings-article,65.20872
ref156,bibtex_title,titles_different.csv,EDAS: Enabling Fast Data Loading for GPU Serverless Computing,EDAS: Enabling Fast Data Loading for GPU Serverless Computing,Han Zhao; Weihao Cui; Quan Chen; Zijun Li; Zhenhua Han; Nan Wang; Yu Feng; Jieru Zhao; Chen Chen; Jingwen Leng; Minyi Guo,ACM Transactions on Architecture and Code Optimization,2025,,,,Association for Computing Machinery (ACM),10.1145/3743137,https://doi.org/10.1145/3743137,journal-article,70.73347
ref160,bibtex_title,titles_different.csv,Optimizing Serverless Computing,Optimizing Serverless Computing,Shaizaan Hussain,INTERNATIONAL JOURNAL OF SCIENTIFIC RESEARCH IN ENGINEERING AND MANAGEMENT,2025,09,05,1-9,Indospace Publications,10.55041/ijsrem46689,https://doi.org/10.55041/ijsrem46689,journal-article,35.73209
ref163,bibtex_title,titles_different.csv,Serverless Computing and Data Engineering,Serverless Computing and Data Engineering,Not Available,Data Analytics in the AWS Cloud,2023,,,65-104,Wiley,10.1002/9781394320677.ch4,https://doi.org/10.1002/9781394320677.ch4,other,36.375114
ref164,bibtex_title,titles_different.csv,Operating Latency Sensitive Applications on Public Serverless Edge Cloud Platforms,Operating Latency Sensitive Applications on Public Serverless Edge Cloud Platforms,Istvan Pelle; Janos Czentye; Janos Doka; Andras Kern; Balazs P. Gero; Balazs Sonkoly,IEEE Internet of Things Journal,2021,8,10,7954-7972,Institute of Electrical and Electronics Engineers (IEEE),10.1109/jiot.2020.3042428,https://doi.org/10.1109/jiot.2020.3042428,journal-article,69.56089
ref168,bibtex_title,titles_different.csv,A Serverless Computing Platform for Software Defined Networks,A Serverless Computing Platform for Software Defined Networks,Fatemeh Banaie; Karim Djemame,Lecture Notes in Computer Science,2023,,,113-123,Springer Nature Switzerland,10.1007/978-3-031-29315-3_10,https://doi.org/10.1007/978-3-031-29315-3_10,book-chapter,52.412434
